{"tfjsVersion":"1.7.4","tmVersion":"2.4.10","packageVersion":"0.8.4-alpha2","packageName":"@teachablemachine/image","timeStamp":"2025-03-14T00:02:11.251Z","userMetadata":{},"modelName":"Guess who","labels":["Herodotus","ibn khaldum","leopard von ranke","fernand braudel","e.p. thompson","albert einstein","galileo galilei","charles darwin","king henry","james clerck maxwell","stephen hawking","cleopatra","cyrus he great","montezuma","mansa musa","justian 1","augustus","napoleon bonaparte","genghis khan","christopher colombus","ferninand magellen","marco polo","vasco de gama","hernan cortes","che guevara","simon bolivar","vladimir lenin","mahatma gandhi","toussaint louvertre","gorge washington","abraham lincon","frankin d. rosevelt","theodore roosevelt","nelson mandela"],"imageSize":224}